{
"configs" : [
  {
"server" : "hk1.speedss.ml",
"server_port" : 1048,
"password" : "test5",
"method" : "aes-256-cfb",
"remarks" : ""}
,
  {
"server" : "hk2.speedss.ml",
"server_port" : 1048,
"password" : "test5",
"method" : "aes-256-cfb",
"remarks" : ""}
,
  {
"server" : "jp1.speedss.ml",
"server_port" : 1048,
"password" : "test5",
"method" : "aes-256-cfb",
"remarks" : ""}
,
  {
"server" : "us1.speedss.ml",
"server_port" : 1048,
"password" : "test5",
"method" : "aes-256-cfb",
"remarks" : ""}
,
  {
"server" : "us2.speedss.ml",
"server_port" : 1048,
"password" : "test5",
"method" : "aes-256-cfb",
"remarks" : ""}
,
  {
"server" : "us3.speedss.ml",
"server_port" : 1048,
"password" : "test5",
"method" : "aes-256-cfb",
"remarks" : ""}

],
"strategy" : null,
"index" : 0,
"global" : true,
"enabled" : true,
"shareOverLan" : false,
"isDefault" : false,
"localPort" : 1080,
"pacUrl" : null,
"useOnlinePac" : false,
"availabilityStatistics" : false}
